COUNTY NAME,1989,1990,1991,1992,1993,1994,1995,1996,1997,1998,1999,2000,2001,2002,2003,2004,2005,2006,2007,2008,2009
ILLINOIS TOTAL,190247,195499,194066,190923,190709,189182,185801,183079,180649,182503,182027,185003,184022,180555,182393,180665,178872,180503,180530,176634,171077
ADAMS,928,960,971,881,893,865,828,830,812,862,843,825,866,760,794,802,883,805,890,817,804
ALEXANDER,175,192,164,189,152,158,140,147,132,140,117,132,138,129,141,126,122,112,136,120,114
BOND,187,195,195,185,206,200,202,194,193,201,188,184,196,172,239,209,189,215,185,173,198
BOONE,445,462,464,462,497,538,566,529,531,545,595,587,629,629,668,646,744,737,736,676,622
BROWN,57,68,72,72,50,58,58,58,64,41,51,63,57,54,76,56,54,57,60,64,65
BUREAU,425,449,448,414,389,429,417,417,389,417,396,434,420,434,458,396,409,392,413,409,381
CALHOUN,41,53,54,55,75,48,48,49,37,57,47,51,49,48,58,51,58,55,49,59,53
CARROLL,207,222,179,201,202,189,173,175,163,185,193,170,147,191,154,151,160,140,163,142,123
CASS,166,187,211,161,183,171,166,150,185,188,191,181,215,185,208,181,199,177,195,200,164
CHAMPAIGN,2662,2574,2562,2426,2337,2240,2117,2270,2175,2128,2194,2260,2312,2226,2288,2291,2490,2455,2508,2482,2407
CHRISTIAN,484,476,493,460,437,419,436,412,439,412,395,404,396,396,393,424,403,416,444,403,406
CLARK,192,135,195,198,192,222,193,199,180,209,177,189,205,174,186,189,203,176,145,200,157
CLAY,164,212,205,149,177,175,166,174,168,183,169,187,198,178,166,171,174,167,170,164,178
CLINTON,443,422,462,431,454,442,391,415,424,368,402,439,375,361,401,438,402,437,435,412,414
COLES,600,580,622,587,555,579,579,630,561,590,592,615,596,570,532,587,552,561,570,608,537
COOK ,94096,97005,96387,95140,94614,92881,90029,87747,85589,85970,84535,85503,84269,81567,82072,79968,75697,79324,79199,77717,75744
Chicago,58310,60242,60429,59447,59011,57322,54515,52831,51117,51517,50542,50885,49596,47958,48044,46567,45427,45843,46254,45389,44449
Suburban Cook ,35786,36763,35958,35693,35603,35559,35514,34916,34472,34453,33993,34618,34673,33609,34028,33401,33144,33481,32945,32328,31295
CRAWFORD,275,224,252,239,220,233,226,208,213,233,222,240,184,192,194,193,182,183,192,192,204
CUMBERLAND,150,154,159,128,144,151,145,135,136,125,139,120,123,123,123,121,136,137,139,133,128
DEKALB,989,1024,1007,930,965,958,1017,1014,1056,1082,1083,1118,1211,1128,1132,1196,1245,1334,1291,1274,1322
DEWITT,220,221,256,218,220,229,199,194,191,211,193,206,227,203,206,203,180,183,201,202,186
DOUGLAS,263,252,271,284,261,262,282,298,287,275,294,287,333,288,318,281,277,272,278,298,270
DUPAGE,13235,13860,13768,13882,14070,14212,13928,13680,13440,13251,13427,13528,13393,12811,12894,12613,12376,11868,11640,11312,10820
EDGAR,251,189,233,215,234,234,220,242,210,218,227,199,225,215,192,226,225,198,191,192,203
EDWARDS,76,97,85,74,64,69,77,59,76,69,72,95,80,67,85,69,75,68,64,70,63
EFFINGHAM,575,556,533,546,492,482,447,464,480,481,488,440,468,428,481,448,470,472,460,416,480
FAYETTE,228,258,262,239,257,250,250,275,268,255,254,268,234,244,231,261,242,241,266,271,232
FORD,183,161,189,162,161,169,189,176,180,171,176,191,176,155,168,168,185,136,162,158,157
FRANKLIN,465,481,486,462,461,483,475,467,469,406,465,495,474,470,470,506,473,469,469,476,476
FULTON,445,428,401,440,431,409,412,427,419,396,401,431,392,400,427,387,373,425,371,371,374
GALLATIN,91,102,82,76,76,76,72,68,67,51,64,75,77,62,72,59,62,78,59,56,58
GREENE,197,196,189,174,195,199,170,203,195,167,177,170,173,151,195,151,168,172,158,167,145
GRUNDY,450,499,447,464,445,458,477,500,458,453,503,493,484,483,591,577,670,708,760,695,705
HAMILTON,94,90,92,99,97,105,100,71,92,85,93,100,87,84,87,88,77,90,79,110,90
HANCOCK,242,259,277,257,231,263,205,210,218,215,218,259,202,214,184,222,199,240,214,218,200
HARDIN,50,47,54,52,50,39,52,42,59,41,51,37,43,44,50,39,45,47,51,47,43
HENDERSON,93,105,88,78,83,99,83,81,88,81,75,77,78,59,66,62,55,59,77,75,55
HENRY,627,616,610,638,564,603,578,588,549,561,602,601,536,551,563,556,555,597,575,575,537
IROQUOIS,360,405,388,336,353,370,339,350,353,360,365,367,353,355,336,354,340,339,324,322,309
JACKSON,733,690,713,699,686,701,693,696,667,644,705,667,676,632,690,711,629,716,645,703,691
JASPER,149,131,155,124,122,126,125,132,114,115,111,110,105,115,139,109,118,117,115,111,93
JEFFERSON,537,576,535,539,498,470,513,457,450,455,446,476,489,496,452,486,483,487,497,520,498
JERSEY,249,250,260,246,257,226,221,239,259,244,249,211,241,240,240,244,241,258,255,254,230
JODAVIESS,259,268,232,234,240,263,256,230,251,231,232,246,242,231,237,208,217,213,244,204,204
JOHNSON,123,129,101,124,112,109,106,103,99,130,140,162,107,130,136,142,117,121,107,121,113
KANE,5953,6213,6271,6289,6406,6552,6751,6799,6975,7184,7359,7844,8054,8299,8397,8569,8601,8549,8420,8212,7702
KANKAKEE,1650,1704,1708,1629,1673,1563,1474,1555,1510,1497,1493,1561,1554,1575,1485,1488,1532,1641,1646,1506,1521
KENDALL,552,613,619,603,612,666,688,721,686,778,801,879,944,1060,1183,1292,1470,1744,1928,1962,1822
KNOX,685,706,631,674,623,660,603,637,620,663,655,626,628,630,578,623,559,538,551,545,544
LAKE,9252,9686,9413,9731,9876,9953,10184,10005,10177,10462,10617,10562,10703,10362,10463,10272,9936,9871,9833,9459,8992
LASALLE,1378,1508,1403,1334,1320,1347,1370,1330,1362,1423,1350,1488,1434,1387,1398,1365,1331,1365,1340,1368,1285
LAWRENCE,190,193,205,158,170,174,180,135,164,171,191,143,160,167,160,169,165,166,142,169,175
LEE,480,435,505,436,414,395,420,390,424,376,352,409,347,372,367,398,363,408,409,392,381
LIVINGSTON,518,526,493,492,503,464,497,442,462,443,457,524,555,483,527,509,511,509,471,512,494
LOGAN,381,362,351,396,353,361,336,334,316,357,333,349,299,348,337,334,335,313,308,327,309
MCDONOUGH,364,321,332,336,300,338,284,307,284,286,306,327,288,277,284,285,293,295,307,282,290
MCHENRY,3041,3365,3246,3385,3453,3684,3824,3894,3836,3822,4016,4056,4125,4200,4141,4364,4229,4224,4113,3816,3719
MCLEAN,1736,1817,1854,1801,1864,1898,1951,1857,1978,1921,1948,1990,2041,2100,2133,2215,2175,2211,2272,2156,2132
MACON,1784,1721,1798,1723,1707,1649,1531,1593,1491,1541,1528,1445,1447,1465,1382,1346,1397,1445,1416,1418,1458
MACOUPIN,589,609,585,558,529,568,551,524,519,525,579,520,600,538,561,598,548,553,568,522,488
MADISON,3715,3808,3669,3397,3527,3411,3357,3347,3331,3373,3262,3376,3258,3391,3444,3394,3310,3392,3346,3441,3272
MARION,602,646,614,651,593,562,538,564,562,512,534,534,535,518,470,474,524,532,548,532,509
MARSHALL,146,165,143,136,137,173,142,150,150,144,128,131,136,143,151,118,145,132,131,133,142
MASON,206,200,239,193,185,218,199,191,179,191,176,166,200,179,209,190,165,162,167,151,135
MASSAC,179,188,178,164,191,178,167,166,165,183,202,177,180,208,192,179,201,191,199,192,198
MENARD,143,137,145,171,160,133,138,154,150,129,124,150,140,127,150,116,127,142,139,134,125
MERCER,207,216,179,183,167,171,184,166,190,181,193,178,219,179,183,158,180,164,188,159,166
MONROE,338,326,286,285,307,307,302,309,306,309,338,350,355,340,371,352,369,395,377,349,362
MONTGOMERY,414,358,403,372,394,344,360,357,319,338,345,363,331,334,326,312,320,347,341,335,308
MORGAN,469,477,435,421,459,435,425,401,393,426,392,430,423,430,388,433,379,380,408,395,363
MOULTRIE,172,203,168,177,155,187,174,192,178,162,206,204,199,177,176,175,173,174,184,176,160
OGLE,654,724,701,613,631,622,598,585,570,625,623,600,589,589,571,569,608,643,606,608,557
PEORIA,2767,2840,2856,2808,2775,2778,2768,2655,2575,2717,2581,2688,2584,2603,2602,2660,2582,2690,2828,2709,2806
PERRY,287,320,290,253,240,266,215,241,240,251,227,242,233,267,249,262,233,243,225,215,218
PIATT,168,203,179,189,200,196,180,196,208,179,170,191,165,156,197,179,186,178,185,187,167
PIKE,205,207,203,222,215,190,193,201,191,200,192,194,177,188,191,171,197,206,201,186,199
POPE,34,32,41,35,28,34,35,46,48,34,32,29,31,34,34,28,40,32,39,32,31
PULASKI,109,118,131,114,103,100,88,112,99,89,112,104,104,93,95,93,90,89,90,74,69
PUTNAM,69,66,71,63,62,72,83,68,55,64,73,60,62,70,59,53,63,60,61,54,55
RANDOLPH,390,389,378,364,371,379,388,337,374,400,385,387,366,403,367,395,365,362,351,364,380
RICHLAND,233,189,247,190,208,196,191,215,217,209,205,199,190,188,179,214,181,169,173,206,188
ROCK ISLAND,2220,2115,2145,2013,2126,1924,1917,1872,2013,1959,2001,1921,1961,1957,1901,1960,1976,1874,2015,2004,1991
ST CLAIR,4721,4695,4503,4392,4326,4249,4011,3886,3678,3755,3681,3734,3704,3618,3671,3717,3649,3866,3836,3814,3713
SALINE,334,341,294,340,326,310,325,272,315,323,293,297,296,324,320,312,320,306,299,308,308
SANGAMON,2718,2724,2740,2694,2634,2683,2480,2483,2487,2537,2442,2646,2555,2460,2571,2590,2494,2497,2588,2481,2436
SCHUYLER,81,90,90,87,83,74,96,88,83,82,71,79,82,60,88,66,72,87,73,80,75
SCOTT,62,71,64,67,70,68,59,67,73,59,64,72,59,55,52,82,51,68,78,61,61
SHELBY,301,307,315,280,255,292,266,274,261,253,261,244,223,234,256,258,247,251,248,208,238
STARK,71,70,73,75,102,84,74,80,78,82,77,75,76,61,71,70,66,55,71,52,50
STEPHENSON,657,678,688,665,615,657,600,624,608,636,611,594,576,589,576,564,514,621,547,512,535
TAZEWELL,1655,1760,1689,1649,1588,1621,1630,1559,1574,1567,1553,1585,1573,1620,1592,1608,1626,1677,1718,1737,1584
UNION,227,241,226,235,224,198,219,208,197,217,198,202,211,210,230,221,232,210,216,210,193
VERMILION,1199,1252,1237,1200,1286,1248,1145,1138,1137,1181,1170,1207,1119,1098,1078,1079,1112,1176,1117,1094,1100
WABASH,190,192,190,144,156,136,149,123,102,148,134,132,152,140,139,162,146,137,120,162,149
WARREN,239,228,209,226,224,244,195,233,234,215,212,214,191,209,203,192,213,225,188,204,192
WASHINGTON,181,191,185,164,186,142,179,151,153,166,153,179,189,155,171,171,205,178,160,176,131
WAYNE,227,215,203,197,186,182,182,172,195,196,208,183,207,231,178,183,194,201,200,224,201
WHITE,188,182,214,164,177,179,170,157,168,157,170,158,171,167,157,182,168,179,167,178,184
WHITESIDE,908,813,819,808,792,755,768,780,771,827,750,771,727,767,737,755,699,682,759,714,671
WILL,5802,5987,6030,5834,5942,6068,6626,6741,6925,7389,7825,8213,8681,8959,9455,9627,9822,9948,9911,9601,9058
WILLIAMSON,698,720,724,713,699,702,673,690,697,704,721,674,733,738,763,738,767,771,830,738,758
WINNEBAGO,4195,4156,4188,3984,3985,3898,3880,3867,3813,3964,3952,4021,3938,3967,3980,3979,3902,4097,4230,4155,3959
WOODFORD,428,412,444,457,406,379,412,429,393,417,436,433,459,410,407,428,477,405,464,451,510
UNSPECIFIED,4,8,17,19,8,3,10,4,4,2,2,-,2,1,4,3,9,23,2,3,5
